module_id,module,lesson_id,topic,folder
1,基本不等式,1-1,基本不等式,01_错题/1_基本不等式/1-1_基本不等式
2,函数,2-1,基本方法,01_错题/2_函数/2-1_基本方法
2,函数,2-2,对称性进阶,01_错题/2_函数/2-2_对称性进阶
2,函数,2-3,单调性进阶,01_错题/2_函数/2-3_单调性进阶
2,函数,2-4,周期性进阶,01_错题/2_函数/2-4_周期性进阶
2,函数,2-5,抽象函数,01_错题/2_函数/2-5_抽象函数
2,函数,2-6,分段函数,01_错题/2_函数/2-6_分段函数
2,函数,2-7,绝对值的处理,01_错题/2_函数/2-7_绝对值的处理
2,函数,2-8,新函数的处理,01_错题/2_函数/2-8_新函数的处理
2,函数,2-9,综合应用,01_错题/2_函数/2-9_综合应用
3,新定义,3-1,新定义,01_错题/3_新定义/3-1_新定义
4,导数选填,4-1,基本方法1,01_错题/4_导数选填/4-1_基本方法1
4,导数选填,4-2,基本方法2,01_错题/4_导数选填/4-2_基本方法2
4,导数选填,4-3,切线,01_错题/4_导数选填/4-3_切线
4,导数选填,4-4,整数解,01_错题/4_导数选填/4-4_整数解
4,导数选填,4-5,换元,01_错题/4_导数选填/4-5_换元
4,导数选填,4-6,构造函数,01_错题/4_导数选填/4-6_构造函数
4,导数选填,4-7,三次函数,01_错题/4_导数选填/4-7_三次函数
4,导数选填,4-8,凹凸性,01_错题/4_导数选填/4-8_凹凸性
4,导数选填,4-9,新定义,01_错题/4_导数选填/4-9_新定义
4,导数选填,4-10,综合应用,01_错题/4_导数选填/4-10_综合应用
5,导数大题,5-1,基本方法1,01_错题/5_导数大题/5-1_基本方法1
5,导数大题,5-2,基本方法2,01_错题/5_导数大题/5-2_基本方法2
5,导数大题,5-3,端点效应&内点效应,01_错题/5_导数大题/5-3_端点效应&内点效应
5,导数大题,5-4,多变量多参数,01_错题/5_导数大题/5-4_多变量多参数
5,导数大题,5-5,凹凸性,01_错题/5_导数大题/5-5_凹凸性
5,导数大题,5-6,导数与三角函数,01_错题/5_导数大题/5-6_导数与三角函数
5,导数大题,5-7,导数与数列,01_错题/5_导数大题/5-7_导数与数列
5,导数大题,5-8,高等背景,01_错题/5_导数大题/5-8_高等背景
5,导数大题,5-9,极值点偏移,01_错题/5_导数大题/5-9_极值点偏移
5,导数大题,5-10,新定义,01_错题/5_导数大题/5-10_新定义
5,导数大题,5-11,综合应用,01_错题/5_导数大题/5-11_综合应用
6,三角函数,6-1,图像,01_错题/6_三角函数/6-1_图像
6,三角函数,6-2,w的取值范围,01_错题/6_三角函数/6-2_w的取值范围
6,三角函数,6-3,三角恒等变换,01_错题/6_三角函数/6-3_三角恒等变换
6,三角函数,6-4,综合应用,01_错题/6_三角函数/6-4_综合应用
7,解三角形,7-1,基本方法(边角互化),01_错题/7_解三角形/7-1_基本方法(边角互化)
7,解三角形,7-2,几何性质、四心相关,01_错题/7_解三角形/7-2_几何性质、四心相关
7,解三角形,7-3,四边形或多三角形,01_错题/7_解三角形/7-3_四边形或多三角形
7,解三角形,7-4,三角形中的恒等式,01_错题/7_解三角形/7-4_三角形中的恒等式
7,解三角形,7-5,综合应用,01_错题/7_解三角形/7-5_综合应用
8,向量,8-1,向量,01_错题/8_向量/8-1_向量
9,立体几何,9-1,轨迹与最值,01_错题/9_立体几何/9-1_轨迹与最值
9,立体几何,9-2,翻折,01_错题/9_立体几何/9-2_翻折
9,立体几何,9-3,外接球,01_错题/9_立体几何/9-3_外接球
9,立体几何,9-4,内切球,01_错题/9_立体几何/9-4_内切球
9,立体几何,9-5,截面问题,01_错题/9_立体几何/9-5_截面问题
9,立体几何,9-6,综合应用,01_错题/9_立体几何/9-6_综合应用
10,数列,10-1,放缩,01_错题/10_数列/10-1_放缩
10,数列,10-2,递推,01_错题/10_数列/10-2_递推
10,数列,10-3,特征根,01_错题/10_数列/10-3_特征根
10,数列,10-4,不动点,01_错题/10_数列/10-4_不动点
10,数列,10-5,综合应用,01_错题/10_数列/10-5_综合应用
11,复数,11-1,复数,01_错题/11_复数/11-1_复数
12,直线和圆,12-1,特殊的圆,01_错题/12_直线和圆/12-1_特殊的圆
12,直线和圆,12-2,数形结合,01_错题/12_直线和圆/12-2_数形结合
12,直线和圆,12-3,直线系和圆系,01_错题/12_直线和圆/12-3_直线系和圆系
12,直线和圆,12-4,综合应用,01_错题/12_直线和圆/12-4_综合应用
13,圆锥曲线(难点),13-1,定值定点问题,01_错题/13_圆锥曲线(难点)/13-1_定值定点问题
13,圆锥曲线(难点),13-2,最值问题,01_错题/13_圆锥曲线(难点)/13-2_最值问题
13,圆锥曲线(难点),13-3,仿射变换,01_错题/13_圆锥曲线(难点)/13-3_仿射变换
13,圆锥曲线(难点),13-4,极点极线,01_错题/13_圆锥曲线(难点)/13-4_极点极线
13,圆锥曲线(难点),13-5,非对称,01_错题/13_圆锥曲线(难点)/13-5_非对称
13,圆锥曲线(难点),13-6,综合应用,01_错题/13_圆锥曲线(难点)/13-6_综合应用
14,圆锥曲线(小题),14-1,第一定义&几何性质,01_错题/14_圆锥曲线(小题)/14-1_第一定义&几何性质
14,圆锥曲线(小题),14-2,第二定义,01_错题/14_圆锥曲线(小题)/14-2_第二定义
14,圆锥曲线(小题),14-3,焦点弦,01_错题/14_圆锥曲线(小题)/14-3_焦点弦
14,圆锥曲线(小题),14-4,新曲线&求轨迹,01_错题/14_圆锥曲线(小题)/14-4_新曲线&求轨迹
14,圆锥曲线(小题),14-5,参数方程,01_错题/14_圆锥曲线(小题)/14-5_参数方程
14,圆锥曲线(小题),14-6,综合应用,01_错题/14_圆锥曲线(小题)/14-6_综合应用
15,概率统计,15-1,条件概率,01_错题/15_概率统计/15-1_条件概率
15,概率统计,15-2,递推求概率,01_错题/15_概率统计/15-2_递推求概率
15,概率统计,15-3,随机过程,01_错题/15_概率统计/15-3_随机过程
15,概率统计,15-4,综合应用,01_错题/15_概率统计/15-4_综合应用
16,排列组合,16-1,基本方法及容斥定理,01_错题/16_排列组合/16-1_基本方法及容斥定理
16,排列组合,16-2,二项式定理,01_错题/16_排列组合/16-2_二项式定理
16,排列组合,16-3,插板法,01_错题/16_排列组合/16-3_插板法
16,排列组合,16-4,综合应用,01_错题/16_排列组合/16-4_综合应用
